{"episode_types": ["t"], "episode_lengths": [4152], "episode_rewards": [0.0], "initial_reset_timestamp": 1532279424.888227, "timestamps": [1532279445.7781727]}