{"initial_reset_timestamp": 1532312343.2011592, "episode_types": ["t"], "episode_rewards": [175.0], "timestamps": [1532312364.3518927], "episode_lengths": [4137]}