{"initial_reset_timestamp": 1532276929.8270974, "episode_lengths": [4152], "episode_types": ["t"], "timestamps": [1532276949.2830162], "episode_rewards": [0.0]}