{"episode_types": ["t"], "initial_reset_timestamp": 1532321770.5479724, "episode_rewards": [250.0], "timestamps": [1532321788.2959445], "episode_lengths": [3412]}